comuna,ica,fecha,id
comuna 4,18,2024-06-25,36374
comuna 9,13,2024-06-23,16679
comuna 7,41,2024-01-30,14984
comuna 15,49,2024-06-23,14986
comuna 7,93,2024-06-23,48313
comuna 16,91,2024-06-23,9856
comuna 9,42,2024-06-25,15136
comuna 5,42,2024-01-30,48617
comuna 7,74,2024-01-30,13196
comuna 6,100,2024-01-30,33257
comuna 6,75,2024-06-25,4128
comuna 14,16,2024-01-30,31468
comuna 5,15,2024-01-30,582
comuna 9,45,2024-01-30,12388
comuna 15,52,2024-01-30,6922
comuna 1,56,2024-01-30,33609
comuna 2,69,2024-01-30,48201
comuna 12,22,2024-06-23,45463
comuna 16,57,2024-07-31,11852
comuna 5,53,2024-06-23,16143
comuna 16,76,2024-01-30,23476
comuna 8,67,2024-07-31,15853
comuna 13,56,2024-01-30,20888
comuna 14,11,2024-01-30,25785
comuna 6,100,2024-01-30,33779
comuna 14,64,2024-07-31,39158
comuna 15,83,2024-07-31,28237
comuna 7,41,2024-01-30,41860
comuna 10,78,2024-07-31,32291
comuna 8,23,2024-07-31,5586
comuna 14,48,2024-06-23,4488
comuna 4,88,2024-06-25,29618
comuna 5,91,2024-07-31,16704
comuna 1,29,2024-07-31,38969
comuna 16,78,2024-01-30,26881
comuna 7,74,2024-07-31,27143
comuna 8,39,2024-06-23,37044
comuna 10,85,2024-06-23,25028
comuna 7,64,2024-07-31,22643
comuna 16,97,2024-06-25,7169
comuna 12,53,2024-06-23,5271
comuna 1,46,2024-06-23,24795
comuna 8,31,2024-01-30,40002
comuna 2,88,2024-06-25,2531
comuna 7,27,2024-06-23,23291
comuna 2,42,2024-01-30,17585
comuna 9,14,2024-06-25,3883
comuna 16,13,2024-01-30,13466
comuna 14,31,2024-01-30,45700
comuna 5,29,2024-07-31,31816
comuna 11,79,2024-06-25,10753
comuna 16,43,2024-01-30,25184
comuna 6,78,2024-06-23,18701
comuna 6,65,2024-07-31,39706
comuna 11,88,2024-01-30,14536
comuna 13,84,2024-01-30,40311
comuna 9,12,2024-07-31,34317
comuna 5,29,2024-06-23,23555
comuna 10,58,2024-07-31,14879
comuna 1,87,2024-06-23,19009
comuna 14,65,2024-01-30,7747
comuna 16,77,2024-01-30,12130
comuna 16,68,2024-06-25,24274
comuna 10,18,2024-06-25,37421
comuna 2,57,2024-06-23,36431
comuna 12,81,2024-01-30,45103
comuna 1,48,2024-06-23,415
comuna 14,98,2024-01-30,11249
comuna 9,10,2024-01-30,49226
comuna 14,98,2024-06-25,17455
comuna 16,33,2024-06-25,7146
comuna 13,100,2024-01-30,34293
comuna 7,48,2024-07-31,25288
comuna 15,53,2024-01-30,25482
comuna 12,62,2024-01-30,24151
comuna 2,28,2024-07-31,49756
comuna 12,43,2024-07-31,19231
comuna 3,86,2024-07-31,45573
comuna 7,14,2024-07-31,21964
comuna 15,56,2024-06-25,17705
comuna 3,43,2024-06-23,39768
comuna 5,74,2024-07-31,46307
comuna 11,53,2024-01-30,28466
comuna 6,47,2024-06-25,17499
comuna 1,95,2024-06-23,38770
comuna 10,54,2024-06-23,8267
comuna 13,54,2024-07-31,32257
comuna 3,26,2024-06-23,14929
comuna 7,44,2024-07-31,40616
comuna 12,92,2024-06-23,48284
comuna 6,14,2024-01-30,5429
comuna 9,12,2024-01-30,13688
comuna 8,25,2024-06-23,38886
comuna 1,39,2024-06-23,39068
comuna 12,55,2024-01-30,11122
comuna 14,62,2024-01-30,40244
comuna 8,82,2024-06-23,29931
comuna 14,48,2024-07-31,23451
comuna 12,18,2024-06-25,8899
comuna 8,68,2024-01-30,12284
comuna 12,90,2024-06-25,33090
comuna 12,97,2024-07-31,48521
comuna 6,72,2024-06-25,4821
comuna 15,41,2024-01-30,12866
comuna 9,97,2024-07-31,30024
comuna 14,10,2024-01-30,31462
comuna 6,50,2024-06-25,2568
comuna 13,95,2024-07-31,28885
comuna 10,94,2024-07-31,3058
comuna 2,78,2024-07-31,16468
comuna 9,100,2024-06-23,15683
comuna 4,65,2024-06-23,6525
comuna 3,34,2024-06-25,22385
comuna 10,66,2024-06-25,27536
comuna 15,88,2024-06-25,23293
comuna 7,70,2024-06-25,35693
comuna 7,97,2024-06-23,3498
comuna 4,12,2024-07-31,18484
comuna 14,70,2024-01-30,46239
comuna 7,47,2024-06-25,16751
comuna 9,15,2024-07-31,44454
comuna 15,35,2024-06-23,43879
comuna 2,12,2024-01-30,40695
comuna 15,15,2024-07-31,22066
comuna 7,19,2024-06-25,48505
comuna 10,74,2024-07-31,21964
comuna 4,87,2024-06-25,44674
comuna 16,46,2024-06-23,24932
comuna 12,77,2024-06-25,44070
comuna 12,79,2024-06-25,16558
comuna 14,38,2024-01-30,28728
comuna 16,84,2024-07-31,13467
comuna 9,14,2024-01-30,26042
comuna 5,71,2024-01-30,47686
comuna 1,51,2024-07-31,35358
comuna 10,75,2024-01-30,39844
comuna 10,74,2024-06-25,20681
comuna 11,14,2024-01-30,19363
comuna 4,98,2024-01-30,45302
comuna 10,29,2024-07-31,21999
comuna 11,83,2024-06-23,28538
comuna 15,89,2024-01-30,31894
comuna 10,91,2024-07-31,21851
comuna 10,67,2024-06-25,35536
comuna 7,40,2024-06-23,47745
comuna 4,75,2024-01-30,17182
comuna 15,20,2024-07-31,24646
comuna 10,27,2024-06-23,7666
comuna 5,82,2024-06-23,43928
comuna 5,49,2024-07-31,21952
comuna 7,86,2024-06-25,23566
comuna 1,74,2024-06-23,48908
comuna 1,23,2024-01-30,21117
comuna 14,92,2024-07-31,30769
comuna 11,78,2024-07-31,44280
comuna 1,27,2024-06-25,32815
comuna 2,40,2024-06-25,31511
comuna 2,64,2024-07-31,35923
comuna 3,29,2024-06-25,14032
comuna 12,23,2024-06-23,19393
comuna 5,80,2024-01-30,45036
comuna 10,15,2024-06-25,2679
comuna 11,77,2024-01-30,49798
comuna 15,65,2024-01-30,45211
comuna 7,55,2024-06-25,28870
comuna 8,87,2024-01-30,9477
comuna 14,56,2024-06-23,36057
comuna 5,35,2024-06-25,24340
comuna 5,65,2024-07-31,45676
comuna 6,35,2024-06-25,15603
comuna 6,71,2024-06-25,40427
comuna 2,35,2024-07-31,4897
comuna 6,32,2024-06-25,46489
comuna 2,42,2024-01-30,8666
comuna 6,77,2024-06-25,12869
comuna 16,89,2024-01-30,4675
comuna 11,59,2024-06-23,8676
comuna 13,46,2024-06-23,47760
comuna 4,75,2024-06-23,23969
comuna 4,15,2024-06-25,22254
comuna 3,65,2024-06-25,25165
comuna 3,13,2024-01-30,16838
comuna 6,29,2024-06-23,22397
comuna 2,32,2024-01-30,27918
comuna 15,55,2024-01-30,37247
comuna 3,53,2024-06-25,10554
comuna 3,90,2024-06-23,7192
comuna 10,48,2024-07-31,27554
comuna 4,65,2024-07-31,41216
comuna 11,71,2024-01-30,28430
comuna 11,74,2024-06-23,31913
comuna 14,22,2024-06-25,4472
comuna 14,46,2024-07-31,47533
comuna 5,97,2024-06-23,43609
comuna 14,57,2024-01-30,4399
comuna 16,60,2024-06-23,49475
comuna 4,39,2024-06-23,9034
comuna 4,82,2024-01-30,10981
comuna 7,79,2024-07-31,22376
comuna 1,29,2024-06-25,28007
comuna 15,38,2024-01-30,44363
comuna 15,62,2024-07-31,4414
comuna 8,67,2024-07-31,6091
comuna 11,66,2024-06-25,25645
comuna 7,79,2024-07-31,34156
comuna 14,29,2024-06-23,35456
comuna 1,23,2024-07-31,33187
comuna 1,100,2024-07-31,32456
comuna 4,69,2024-07-31,28719
comuna 10,94,2024-07-31,46960
comuna 11,92,2024-06-23,32821
comuna 6,16,2024-06-25,27116
comuna 16,84,2024-06-25,38369
comuna 10,87,2024-07-31,32414
comuna 6,29,2024-06-23,28339
comuna 15,25,2024-07-31,31410
comuna 15,61,2024-07-31,44170
comuna 7,84,2024-01-30,48747
comuna 4,50,2024-07-31,40591
comuna 1,93,2024-06-25,28153
comuna 9,59,2024-01-30,10740
comuna 8,43,2024-06-25,45923
comuna 2,35,2024-07-31,36971
comuna 3,19,2024-07-31,38714
comuna 12,29,2024-01-30,3667
comuna 7,28,2024-07-31,18561
comuna 1,14,2024-01-30,20547
comuna 6,20,2024-07-31,4695
comuna 13,85,2024-06-25,17794
comuna 2,60,2024-06-23,16020
comuna 16,30,2024-01-30,41966
comuna 10,65,2024-01-30,44508
comuna 1,11,2024-06-23,2532
comuna 13,98,2024-06-25,34631
comuna 1,92,2024-06-25,16474
comuna 12,43,2024-01-30,21942
comuna 7,21,2024-07-31,16724
comuna 8,54,2024-06-23,12133
comuna 10,79,2024-07-31,22593
comuna 10,27,2024-06-25,3961
comuna 10,21,2024-07-31,39027
comuna 3,47,2024-06-25,21432
comuna 7,56,2024-01-30,6588
comuna 15,55,2024-06-25,41336
comuna 5,24,2024-06-23,42030
comuna 14,55,2024-06-25,22509
comuna 13,43,2024-06-23,27824
comuna 9,100,2024-07-31,6928
comuna 12,11,2024-07-31,17471
comuna 4,34,2024-01-30,40701
comuna 10,23,2024-06-25,20088
comuna 14,86,2024-06-23,40295
comuna 12,39,2024-07-31,35995
comuna 9,22,2024-01-30,35003
comuna 12,86,2024-06-25,13866
comuna 13,25,2024-06-25,37428
comuna 9,36,2024-06-25,4003
comuna 9,35,2024-06-25,3213
comuna 3,66,2024-06-25,16077
comuna 11,85,2024-06-25,41261
comuna 2,73,2024-07-31,36353
comuna 7,58,2024-07-31,23208
comuna 11,11,2024-06-23,17479
comuna 10,74,2024-06-25,45740
comuna 14,14,2024-06-23,39868
comuna 2,88,2024-07-31,6796
comuna 15,65,2024-06-23,15520
comuna 7,98,2024-06-23,3559
comuna 6,14,2024-01-30,32367
comuna 2,79,2024-01-30,22494
comuna 10,40,2024-06-23,33842
comuna 6,71,2024-07-31,24118
comuna 4,95,2024-06-23,4832
comuna 12,33,2024-06-25,47054
comuna 14,68,2024-06-25,35423
comuna 7,42,2024-06-23,23494
comuna 4,31,2024-06-23,40911
comuna 4,90,2024-06-25,12676
comuna 9,58,2024-06-23,15995
comuna 3,67,2024-01-30,38692
comuna 12,38,2024-06-23,21751
comuna 14,78,2024-06-23,17541
comuna 3,12,2024-06-23,40810
comuna 6,100,2024-06-25,7895
comuna 16,10,2024-06-23,7928
comuna 4,72,2024-07-31,41518
comuna 12,25,2024-01-30,18411
comuna 15,88,2024-07-31,30703
comuna 1,47,2024-07-31,11087
comuna 4,27,2024-01-30,46227
comuna 3,92,2024-06-25,48562
comuna 3,55,2024-06-25,11552
comuna 3,58,2024-06-25,30386
comuna 1,80,2024-07-31,43151
comuna 11,58,2024-01-30,42244
comuna 11,15,2024-06-23,9890
comuna 7,59,2024-06-23,6955
comuna 2,84,2024-07-31,48019
comuna 9,70,2024-07-31,14399
comuna 6,64,2024-07-31,25690
comuna 4,45,2024-07-31,13905
comuna 3,97,2024-01-30,6210
comuna 9,81,2024-07-31,38080
comuna 5,88,2024-06-25,7384
comuna 3,39,2024-06-23,8810
comuna 11,25,2024-01-30,30499
comuna 1,50,2024-06-23,44049
comuna 2,83,2024-07-31,17426
comuna 2,61,2024-01-30,33482
comuna 16,68,2024-06-23,37883
comuna 12,37,2024-06-23,41676
comuna 8,82,2024-06-23,33929
comuna 9,55,2024-06-23,5147
comuna 12,13,2024-01-30,5513
comuna 10,33,2024-01-30,45740
comuna 1,58,2024-01-30,33811
comuna 2,13,2024-07-31,23455
comuna 4,44,2024-01-30,16840
comuna 6,98,2024-07-31,11110
comuna 4,83,2024-06-25,17420
comuna 15,72,2024-06-23,40513
comuna 6,72,2024-01-30,42745
comuna 9,99,2024-06-25,46807
comuna 13,73,2024-01-30,25178
comuna 15,44,2024-06-23,35466
comuna 13,62,2024-06-23,7030
comuna 4,37,2024-06-23,33623
comuna 15,54,2024-06-25,10393
comuna 9,35,2024-06-23,25326
comuna 14,73,2024-01-30,34501
comuna 9,51,2024-06-25,15659
comuna 5,66,2024-06-25,48255
comuna 6,62,2024-01-30,44298
comuna 16,29,2024-06-23,38810
comuna 2,81,2024-01-30,21676
comuna 1,16,2024-07-31,17079
comuna 8,40,2024-07-31,3434
comuna 4,69,2024-06-23,10368
comuna 2,81,2024-01-30,12260
comuna 9,77,2024-07-31,31895
comuna 12,49,2024-07-31,28757
comuna 16,30,2024-01-30,29611
comuna 10,44,2024-06-25,42295
comuna 12,88,2024-07-31,9594
comuna 5,28,2024-06-23,13726
comuna 13,62,2024-06-25,36779
comuna 15,65,2024-01-30,28291
comuna 10,79,2024-06-25,17
comuna 7,73,2024-01-30,29276
comuna 3,36,2024-06-23,45588
comuna 2,49,2024-01-30,48755
comuna 6,54,2024-07-31,40675
comuna 3,30,2024-01-30,38828
comuna 6,37,2024-06-25,2778
comuna 3,73,2024-01-30,4125
comuna 12,61,2024-06-25,22535
comuna 1,12,2024-06-23,6506
comuna 2,92,2024-06-25,49375
comuna 10,92,2024-06-23,16439
comuna 16,14,2024-07-31,22743
comuna 1,33,2024-06-25,19934
comuna 5,44,2024-01-30,23117
comuna 11,56,2024-07-31,10697
comuna 9,26,2024-06-23,27451
comuna 2,44,2024-07-31,21581
comuna 11,17,2024-06-25,16552
comuna 13,61,2024-06-25,46907
comuna 2,99,2024-06-23,29883
comuna 13,44,2024-06-25,44426
comuna 6,79,2024-06-23,1135
comuna 4,53,2024-06-23,15093
comuna 16,13,2024-06-23,21192
comuna 13,94,2024-01-30,39727
comuna 3,35,2024-01-30,8704
comuna 7,52,2024-07-31,28815
comuna 9,56,2024-07-31,25872
comuna 3,60,2024-07-31,45371
comuna 1,72,2024-06-23,20540
comuna 2,33,2024-06-25,9265
comuna 1,20,2024-06-23,39960
comuna 3,41,2024-06-25,23716
comuna 14,68,2024-06-23,8692
comuna 7,31,2024-06-23,34712
comuna 1,11,2024-07-31,1742
comuna 5,58,2024-07-31,4008
comuna 4,29,2024-06-25,34363
comuna 8,11,2024-06-23,31614
comuna 5,80,2024-01-30,24525
comuna 1,69,2024-06-25,8744
comuna 2,44,2024-06-23,46757
comuna 1,51,2024-06-23,45194
comuna 15,57,2024-01-30,49907
comuna 15,98,2024-06-25,18229
comuna 13,85,2024-01-30,35867
comuna 15,55,2024-06-23,43184
comuna 6,31,2024-06-23,35603
comuna 10,80,2024-01-30,5152
comuna 1,16,2024-01-30,18802
comuna 7,93,2024-07-31,29936
comuna 2,35,2024-06-23,11505
comuna 6,98,2024-06-25,34281
comuna 9,16,2024-06-25,9939
comuna 3,94,2024-06-23,29503
comuna 7,84,2024-06-23,32100
comuna 7,85,2024-06-25,3
comuna 8,53,2024-01-30,34366
comuna 14,89,2024-06-23,13150
comuna 15,10,2024-01-30,15937
comuna 6,78,2024-01-30,39992
comuna 12,40,2024-06-25,14812
comuna 7,82,2024-07-31,43427
comuna 14,58,2024-06-23,45675
comuna 12,53,2024-06-25,5470
comuna 7,98,2024-06-25,22610
comuna 6,64,2024-06-23,43864
comuna 4,92,2024-06-23,9801
comuna 8,73,2024-06-25,26878
comuna 11,52,2024-06-23,7164
comuna 6,98,2024-06-25,35902
comuna 6,77,2024-06-25,29860
comuna 14,89,2024-06-25,27585
comuna 9,36,2024-06-25,44526
comuna 9,94,2024-06-23,49040
comuna 10,52,2024-06-25,45535
comuna 6,87,2024-01-30,30035
comuna 9,13,2024-06-25,42851
comuna 14,48,2024-01-30,30566
comuna 13,64,2024-06-23,19148
comuna 11,29,2024-07-31,30183
comuna 14,63,2024-01-30,1782
comuna 3,49,2024-06-25,14606
comuna 15,28,2024-06-25,42176
comuna 8,29,2024-07-31,8848
comuna 9,99,2024-06-25,38653
comuna 7,92,2024-06-25,38954
comuna 4,35,2024-01-30,35449
comuna 7,28,2024-06-25,18135
comuna 13,60,2024-06-25,44653
comuna 13,23,2024-06-23,45496
comuna 12,45,2024-06-25,19729
comuna 5,94,2024-01-30,15660
comuna 12,23,2024-06-23,25677
comuna 8,47,2024-07-31,44526
comuna 3,30,2024-06-25,14358
comuna 5,36,2024-06-25,4425
comuna 7,26,2024-06-23,14890
comuna 6,50,2024-01-30,16501
comuna 6,100,2024-01-30,21008
comuna 14,30,2024-07-31,9465
comuna 8,67,2024-07-31,43631
comuna 5,49,2024-01-30,32656
comuna 10,68,2024-07-31,30456
comuna 15,48,2024-01-30,1357
comuna 16,18,2024-07-31,49915
comuna 16,78,2024-01-30,42667
comuna 14,19,2024-07-31,6580
comuna 7,39,2024-06-23,49232
comuna 9,43,2024-06-25,12276
comuna 15,83,2024-01-30,7013
comuna 11,97,2024-06-23,32654
comuna 14,41,2024-06-25,8649
comuna 15,67,2024-06-25,41700
comuna 8,47,2024-07-31,37248
comuna 3,74,2024-06-25,28274
comuna 8,47,2024-06-23,25716
comuna 5,20,2024-06-25,8939
comuna 15,10,2024-07-31,5466
comuna 11,55,2024-01-30,47073
comuna 7,36,2024-06-25,14578
comuna 8,61,2024-06-23,35505
comuna 5,54,2024-06-25,47480
comuna 8,11,2024-01-30,30920
comuna 1,72,2024-01-30,23276
comuna 3,76,2024-01-30,38327
comuna 11,62,2024-06-25,16539
comuna 8,97,2024-06-25,5058
comuna 15,30,2024-01-30,49913
comuna 7,41,2024-06-25,21119
comuna 5,49,2024-06-23,2468
comuna 8,21,2024-06-25,21383
comuna 5,93,2024-06-25,1966
comuna 7,62,2024-01-30,19912
comuna 15,65,2024-06-23,2467
comuna 10,60,2024-06-23,4932
comuna 14,88,2024-06-25,3725
comuna 8,15,2024-06-23,29126
comuna 2,87,2024-07-31,35499
comuna 6,90,2024-01-30,43518
comuna 6,95,2024-06-23,42754
comuna 2,69,2024-07-31,3473
comuna 8,18,2024-01-30,35729
comuna 1,22,2024-06-25,27844
comuna 3,90,2024-06-23,16099
comuna 10,69,2024-01-30,49077
comuna 11,45,2024-07-31,31721
comuna 14,11,2024-06-25,35485
comuna 15,84,2024-06-25,39325
comuna 7,26,2024-06-25,39157
comuna 6,32,2024-01-30,27900
comuna 7,67,2024-01-30,6420
comuna 10,29,2024-06-23,44690
comuna 3,53,2024-01-30,31475
comuna 6,21,2024-06-23,35585
comuna 2,15,2024-06-23,122
comuna 6,91,2024-06-23,26927
comuna 4,80,2024-07-31,25761
comuna 4,45,2024-06-25,36960
comuna 6,79,2024-06-25,27964
comuna 1,30,2024-07-31,27571
comuna 15,26,2024-01-30,46735
comuna 14,59,2024-01-30,8072
comuna 8,90,2024-01-30,43790
comuna 6,22,2024-06-23,43473
comuna 1,99,2024-06-23,34205
comuna 8,15,2024-07-31,359
comuna 8,77,2024-07-31,5819
comuna 13,87,2024-01-30,959
comuna 4,30,2024-06-25,117
comuna 2,48,2024-06-23,1050
comuna 16,78,2024-01-30,26448
comuna 12,97,2024-06-23,21314
comuna 12,24,2024-01-30,22772
comuna 9,73,2024-07-31,40746
comuna 16,59,2024-06-23,46261
comuna 15,28,2024-06-25,995
comuna 15,40,2024-06-25,13941
comuna 6,95,2024-06-23,30847
comuna 13,34,2024-01-30,27642
comuna 2,88,2024-01-30,26641
comuna 1,44,2024-07-31,29289
comuna 6,40,2024-06-25,10412
comuna 14,71,2024-06-25,24645
comuna 9,69,2024-01-30,8059
comuna 10,78,2024-06-25,41024
comuna 11,96,2024-06-25,26347
comuna 9,42,2024-06-25,45702
comuna 11,53,2024-06-25,42498
comuna 3,47,2024-01-30,28422
comuna 14,73,2024-01-30,613
comuna 15,23,2024-07-31,36382
comuna 3,49,2024-07-31,43950
comuna 14,13,2024-06-25,32879
comuna 9,35,2024-07-31,31192
comuna 4,80,2024-06-25,41378
comuna 15,84,2024-01-30,30058
comuna 6,95,2024-07-31,38175
comuna 15,26,2024-06-23,35354
comuna 5,53,2024-06-25,6444
comuna 14,39,2024-06-23,46984
comuna 1,37,2024-01-30,43468
comuna 5,96,2024-01-30,6609
comuna 5,86,2024-06-25,47472
comuna 1,41,2024-07-31,34425
comuna 3,75,2024-06-25,39272
comuna 4,28,2024-06-23,28329
comuna 11,42,2024-01-30,32262
comuna 7,22,2024-06-25,44148
comuna 6,44,2024-01-30,18967
comuna 10,61,2024-01-30,49807
comuna 16,81,2024-06-23,16299
comuna 6,54,2024-06-25,26138
comuna 15,51,2024-06-23,5028
comuna 16,28,2024-07-31,16895
comuna 11,85,2024-06-23,34410
comuna 11,20,2024-06-25,49468
comuna 6,88,2024-07-31,18684
comuna 3,19,2024-06-25,848
comuna 13,33,2024-06-25,49110
comuna 10,77,2024-06-25,993
comuna 5,79,2024-06-25,38030
comuna 1,35,2024-06-23,23600
comuna 13,67,2024-01-30,16021
comuna 5,28,2024-06-25,6639
comuna 14,71,2024-01-30,49974
comuna 2,59,2024-07-31,32833
comuna 4,38,2024-01-30,44943
comuna 5,46,2024-06-23,33178
comuna 1,39,2024-01-30,29940
comuna 2,62,2024-06-25,38369
comuna 7,54,2024-06-25,31253
comuna 15,86,2024-07-31,40728
comuna 1,29,2024-06-25,36057
comuna 9,37,2024-01-30,48257
comuna 8,94,2024-06-25,34710
comuna 12,89,2024-06-23,32364
comuna 5,36,2024-01-30,27480
comuna 12,64,2024-06-25,44448
comuna 12,96,2024-06-25,4123
comuna 10,29,2024-06-23,22901
comuna 13,58,2024-06-23,1617
comuna 2,61,2024-01-30,48330
comuna 10,30,2024-01-30,23829
comuna 1,17,2024-06-23,18952
comuna 6,63,2024-01-30,24328
comuna 9,68,2024-06-25,7110
comuna 13,79,2024-06-23,44783
comuna 3,100,2024-06-23,9016
comuna 1,23,2024-07-31,11450
comuna 3,67,2024-01-30,47521
comuna 7,45,2024-01-30,2027
comuna 13,92,2024-07-31,7148
comuna 5,74,2024-07-31,32240
comuna 11,30,2024-01-30,46893
comuna 1,44,2024-06-25,22751
comuna 9,75,2024-06-23,15445
comuna 13,31,2024-06-25,15381
comuna 1,61,2024-06-25,35522
comuna 9,83,2024-07-31,34326
comuna 15,58,2024-01-30,43890
comuna 9,98,2024-06-23,13068
comuna 13,64,2024-06-23,39889
comuna 3,63,2024-01-30,42728
comuna 12,40,2024-06-25,30744
comuna 8,94,2024-06-23,32452
comuna 5,58,2024-06-25,26454
comuna 3,62,2024-07-31,42325
comuna 9,87,2024-01-30,18927
comuna 4,30,2024-07-31,21130
comuna 14,55,2024-06-25,26917
comuna 14,44,2024-06-25,39421
comuna 1,84,2024-06-23,32969
comuna 10,13,2024-06-23,45393
comuna 13,75,2024-01-30,43794
comuna 10,43,2024-06-25,44183
comuna 6,34,2024-06-23,45757
comuna 13,20,2024-06-23,22800
comuna 4,68,2024-01-30,34656
comuna 1,50,2024-06-25,16097
comuna 5,47,2024-06-23,26063
comuna 6,43,2024-06-23,32286
comuna 3,34,2024-01-30,11363
comuna 9,58,2024-06-23,9603
comuna 8,74,2024-06-25,21556
comuna 6,16,2024-06-23,11213
comuna 11,13,2024-01-30,13900
comuna 13,63,2024-07-31,47158
comuna 4,86,2024-07-31,25433
comuna 16,59,2024-06-23,35989
comuna 1,16,2024-06-23,36376
comuna 16,26,2024-01-30,27755
comuna 1,75,2024-06-25,24287
comuna 11,93,2024-06-23,6231
comuna 12,84,2024-01-30,49018
comuna 11,14,2024-06-25,30998
comuna 14,82,2024-06-23,36737
comuna 9,18,2024-01-30,38985
comuna 8,31,2024-06-25,441
comuna 6,82,2024-06-25,23309
comuna 4,41,2024-06-25,14951
comuna 16,56,2024-06-25,7180
comuna 10,79,2024-07-31,20981
comuna 15,78,2024-07-31,33773
comuna 5,48,2024-01-30,48775
comuna 13,85,2024-06-23,44731
comuna 11,34,2024-06-23,30053
comuna 4,33,2024-01-30,33102
comuna 2,70,2024-06-23,32942
comuna 3,17,2024-06-23,16892
comuna 4,57,2024-06-23,20277
comuna 6,93,2024-06-23,23804
comuna 6,76,2024-07-31,38777
comuna 2,52,2024-07-31,20097
comuna 2,35,2024-01-30,20511
comuna 10,35,2024-01-30,9308
comuna 7,29,2024-07-31,7358
comuna 15,72,2024-06-23,26142
comuna 13,41,2024-06-23,10525
comuna 16,21,2024-06-23,14391
comuna 8,14,2024-06-25,39468
comuna 9,94,2024-01-30,24078
comuna 1,90,2024-06-25,28169
comuna 6,73,2024-06-23,26247
comuna 2,23,2024-07-31,45914
comuna 6,29,2024-06-25,48779
comuna 9,59,2024-06-23,25369
comuna 7,96,2024-01-30,13765
comuna 11,93,2024-07-31,7610
comuna 14,15,2024-06-25,34466
comuna 14,80,2024-06-25,31919
comuna 5,40,2024-06-25,19045
comuna 14,54,2024-07-31,6443
comuna 11,53,2024-01-30,10463
comuna 14,55,2024-06-25,15373
comuna 16,97,2024-06-25,4727
comuna 9,62,2024-06-25,17182
comuna 14,64,2024-01-30,11129
comuna 2,67,2024-06-25,21854
comuna 4,38,2024-06-25,13240
comuna 3,65,2024-06-23,43610
comuna 8,31,2024-06-25,15978
comuna 14,18,2024-07-31,42533
comuna 1,14,2024-06-25,795
comuna 16,27,2024-01-30,3139
comuna 4,33,2024-06-23,26503
comuna 5,94,2024-07-31,47843
comuna 1,92,2024-06-25,4929
comuna 15,21,2024-06-23,28104
comuna 6,28,2024-07-31,4075
comuna 4,79,2024-06-23,963
comuna 14,100,2024-06-23,43064
comuna 15,15,2024-07-31,15714
comuna 9,67,2024-07-31,26947
comuna 11,96,2024-06-25,22605
comuna 14,100,2024-07-31,19934
comuna 4,25,2024-01-30,11119
comuna 15,54,2024-07-31,49642
comuna 16,51,2024-06-23,48389
comuna 12,20,2024-06-23,33858
comuna 5,37,2024-07-31,47900
comuna 5,100,2024-01-30,40997
comuna 6,34,2024-07-31,20041
comuna 11,24,2024-06-25,10820
comuna 3,79,2024-06-25,49790
comuna 13,40,2024-06-23,36259
comuna 14,97,2024-01-30,43339
comuna 9,20,2024-06-23,25360
comuna 4,35,2024-06-25,23413
comuna 4,89,2024-06-25,30997
comuna 2,90,2024-07-31,20663
comuna 5,84,2024-01-30,20766
comuna 4,19,2024-06-23,10694
comuna 10,40,2024-06-25,17441
comuna 16,82,2024-07-31,47801
comuna 7,28,2024-06-25,434
comuna 1,95,2024-07-31,36226
comuna 16,83,2024-07-31,8484
comuna 15,12,2024-06-25,12731
comuna 15,13,2024-06-23,40106
comuna 1,95,2024-01-30,38926
comuna 12,10,2024-06-23,28929
comuna 15,91,2024-06-23,11859
comuna 8,76,2024-01-30,14366
comuna 15,11,2024-01-30,28081
comuna 12,29,2024-01-30,13849
comuna 12,20,2024-06-23,6485
comuna 16,47,2024-07-31,30206
comuna 6,73,2024-06-25,32921
comuna 4,15,2024-06-23,21067
comuna 15,16,2024-06-25,12716
comuna 7,89,2024-06-23,47134
comuna 12,61,2024-06-25,14366
comuna 4,44,2024-06-25,20665
comuna 11,66,2024-07-31,37026
comuna 2,19,2024-01-30,12622
comuna 14,70,2024-01-30,42021
comuna 10,26,2024-01-30,12865
comuna 14,98,2024-06-25,44384
comuna 1,45,2024-06-23,31286
comuna 4,18,2024-06-23,3815
comuna 4,64,2024-01-30,17542
comuna 5,29,2024-06-23,11105
comuna 14,77,2024-06-25,18151
comuna 10,100,2024-01-30,21140
comuna 11,56,2024-06-23,41245
comuna 1,73,2024-06-23,44429
comuna 9,21,2024-06-25,21247
comuna 13,74,2024-06-23,25148
comuna 12,84,2024-06-23,762
comuna 14,80,2024-07-31,8219
comuna 6,23,2024-06-25,43262
comuna 1,41,2024-07-31,46598
comuna 10,86,2024-06-25,30272
comuna 8,34,2024-06-25,20420
comuna 13,86,2024-06-25,19396
comuna 12,20,2024-01-30,12856
comuna 6,93,2024-07-31,16083
comuna 6,49,2024-07-31,48725
comuna 12,57,2024-01-30,24489
comuna 1,80,2024-06-23,30559
comuna 15,72,2024-07-31,13473
comuna 8,52,2024-06-25,34267
comuna 9,20,2024-07-31,843
comuna 9,45,2024-07-31,20111
comuna 14,53,2024-07-31,14105
comuna 13,62,2024-07-31,19983
comuna 8,54,2024-01-30,38955
comuna 13,15,2024-07-31,38088
comuna 12,56,2024-06-25,26358
comuna 14,85,2024-07-31,28630
comuna 8,23,2024-07-31,24297
comuna 5,14,2024-07-31,44144
comuna 4,72,2024-06-23,44745
comuna 13,30,2024-01-30,40884
comuna 11,35,2024-01-30,26764
comuna 16,33,2024-06-23,33269
comuna 9,66,2024-06-23,38538
comuna 7,49,2024-07-31,17525
comuna 5,51,2024-06-25,37440
comuna 11,69,2024-01-30,8830
comuna 10,11,2024-06-25,32120
comuna 11,50,2024-06-23,43003
comuna 4,80,2024-06-25,34207
comuna 3,92,2024-06-25,43871
comuna 3,47,2024-06-25,43614
comuna 1,35,2024-06-23,41769
comuna 6,14,2024-01-30,12090
comuna 6,91,2024-06-25,34690
comuna 8,23,2024-07-31,49103
comuna 13,84,2024-06-23,34248
comuna 16,69,2024-01-30,4918
comuna 11,52,2024-07-31,6191
comuna 2,54,2024-07-31,2616
comuna 11,61,2024-01-30,11277
comuna 11,83,2024-06-25,26333
comuna 15,60,2024-07-31,27237
comuna 16,29,2024-01-30,15956
comuna 5,70,2024-07-31,28812
comuna 12,89,2024-01-30,42888
comuna 6,11,2024-06-25,26480
comuna 1,51,2024-06-25,42544
comuna 2,91,2024-07-31,20091
comuna 14,97,2024-06-25,28821
comuna 5,96,2024-07-31,44421
comuna 6,78,2024-07-31,12625
comuna 6,16,2024-01-30,41005
comuna 13,48,2024-06-23,10030
comuna 7,51,2024-06-25,4362
comuna 11,62,2024-06-25,1268
comuna 16,10,2024-01-30,29336
comuna 3,34,2024-06-25,24860
comuna 14,64,2024-06-25,4095
comuna 12,93,2024-01-30,25081
comuna 13,81,2024-06-25,45836
comuna 3,14,2024-06-25,43455
comuna 15,18,2024-06-25,49442
comuna 11,65,2024-07-31,2863
comuna 10,47,2024-01-30,33517
comuna 5,60,2024-06-23,41020
comuna 7,65,2024-06-25,25369
comuna 2,30,2024-06-23,32209
comuna 7,11,2024-01-30,32717
comuna 11,75,2024-06-25,44156
comuna 1,44,2024-06-23,18434
comuna 1,57,2024-06-23,34575
comuna 15,55,2024-07-31,44734
comuna 2,76,2024-07-31,49514
comuna 7,95,2024-07-31,11714
comuna 9,39,2024-06-25,49111
comuna 8,43,2024-06-23,37311
comuna 1,65,2024-06-25,23537
comuna 7,86,2024-01-30,28937
comuna 4,89,2024-07-31,39366
comuna 13,62,2024-06-25,29966
comuna 16,70,2024-06-25,4914
comuna 11,21,2024-06-25,26865
comuna 5,34,2024-01-30,40705
comuna 15,85,2024-01-30,42428
comuna 10,26,2024-07-31,7176
comuna 1,91,2024-01-30,38542
comuna 3,13,2024-01-30,16242
comuna 11,21,2024-06-23,25965
comuna 5,53,2024-06-25,29509
comuna 16,29,2024-07-31,36544
comuna 5,44,2024-06-23,20288
comuna 5,29,2024-06-25,3327
comuna 2,78,2024-06-25,30030
comuna 12,52,2024-06-23,19500
comuna 3,85,2024-07-31,33184
comuna 6,92,2024-07-31,28116
comuna 13,61,2024-07-31,12258
comuna 8,48,2024-01-30,14791
comuna 1,37,2024-01-30,23234
comuna 16,15,2024-07-31,4014
comuna 4,34,2024-01-30,48832
comuna 14,78,2024-06-23,8220
comuna 12,76,2024-07-31,1132
comuna 7,80,2024-07-31,34991
comuna 16,17,2024-06-25,12484
comuna 15,88,2024-01-30,37148
comuna 3,44,2024-07-31,19324
comuna 9,60,2024-01-30,11298
comuna 1,43,2024-01-30,24746
comuna 16,53,2024-01-30,18554
comuna 5,50,2024-01-30,49418
comuna 6,11,2024-07-31,10222
comuna 6,83,2024-07-31,46081
comuna 4,35,2024-06-25,26537
comuna 7,82,2024-06-23,31587
comuna 13,46,2024-06-23,3035
comuna 6,84,2024-06-25,42763
comuna 9,88,2024-06-25,11896
comuna 15,42,2024-06-23,10821
comuna 15,61,2024-06-25,13871
comuna 9,98,2024-01-30,2620
comuna 7,53,2024-01-30,19812
comuna 12,20,2024-07-31,44803
comuna 6,88,2024-01-30,18934
comuna 7,37,2024-07-31,2319
comuna 8,90,2024-06-25,2774
comuna 2,14,2024-06-23,22157
comuna 14,76,2024-07-31,7839
comuna 6,69,2024-07-31,30441
comuna 13,54,2024-01-30,9897
comuna 3,24,2024-06-23,17889
comuna 7,56,2024-07-31,36805
comuna 12,56,2024-01-30,8353
comuna 11,78,2024-07-31,38009
comuna 8,73,2024-07-31,42931
comuna 16,42,2024-01-30,16328
comuna 12,69,2024-06-23,24424
comuna 12,65,2024-06-25,6342
comuna 4,30,2024-06-23,29669
comuna 10,69,2024-06-25,14959
comuna 12,87,2024-07-31,40882
comuna 14,60,2024-06-23,23421
comuna 10,27,2024-06-23,15577
comuna 15,13,2024-06-23,12180
comuna 9,23,2024-01-30,43601
comuna 1,66,2024-07-31,48936
comuna 10,100,2024-06-23,39190
comuna 9,54,2024-01-30,24424
comuna 14,68,2024-07-31,2391
comuna 15,57,2024-06-25,33103
comuna 13,90,2024-06-25,21556
comuna 2,23,2024-06-25,16151
comuna 2,31,2024-07-31,48374
comuna 4,41,2024-06-23,17044
comuna 16,80,2024-06-25,8884
comuna 15,73,2024-07-31,13996
comuna 8,33,2024-06-25,29539
comuna 12,10,2024-06-25,31737
comuna 6,93,2024-06-23,39183
comuna 1,28,2024-06-25,13715
comuna 9,53,2024-06-25,38302
comuna 11,67,2024-06-23,13499
comuna 10,97,2024-06-25,35568
comuna 5,94,2024-06-23,5561
comuna 9,49,2024-01-30,32803
comuna 13,78,2024-06-23,37919
comuna 13,42,2024-06-25,15768
comuna 8,33,2024-06-25,17783
comuna 4,93,2024-01-30,12521
comuna 12,81,2024-06-23,12502
comuna 4,30,2024-06-25,18735
comuna 3,39,2024-06-23,41806
comuna 15,100,2024-06-23,34366
comuna 6,91,2024-06-25,10564
comuna 4,63,2024-01-30,33069
comuna 1,35,2024-07-31,1006
comuna 12,67,2024-06-23,30254
comuna 8,80,2024-06-25,38903
comuna 8,73,2024-07-31,17839
comuna 3,22,2024-06-23,7972
comuna 8,57,2024-06-23,3420
comuna 6,36,2024-06-25,40602
comuna 11,31,2024-06-25,28720
comuna 1,91,2024-06-23,11401
comuna 3,74,2024-06-25,29877
comuna 11,36,2024-01-30,9879
comuna 13,39,2024-07-31,22139
comuna 3,84,2024-06-25,11143
comuna 3,49,2024-06-25,17573
comuna 14,36,2024-01-30,10395
comuna 16,68,2024-01-30,39424
comuna 4,49,2024-01-30,3511
comuna 14,93,2024-06-25,3401
comuna 8,48,2024-01-30,42100
comuna 15,80,2024-07-31,19583
comuna 15,94,2024-07-31,36358
comuna 6,69,2024-01-30,1672
comuna 3,98,2024-07-31,17567
comuna 10,76,2024-06-23,37310
comuna 16,65,2024-06-25,30314
comuna 15,37,2024-07-31,36311
comuna 14,88,2024-07-31,30338
comuna 2,48,2024-07-31,27725
comuna 4,99,2024-07-31,5568
comuna 14,72,2024-06-23,44635
comuna 4,47,2024-07-31,31370
comuna 15,92,2024-07-31,15248
comuna 11,94,2024-01-30,15124
comuna 12,46,2024-01-30,41718
comuna 9,17,2024-07-31,8610
comuna 3,79,2024-06-23,1940
comuna 7,20,2024-06-23,15344
comuna 2,39,2024-06-25,27410
comuna 5,81,2024-07-31,33522
comuna 14,35,2024-06-25,33774
comuna 14,25,2024-06-25,12587
comuna 7,20,2024-06-23,30282
comuna 14,34,2024-07-31,28891
comuna 6,49,2024-06-23,43600
comuna 12,53,2024-06-25,36524
comuna 11,80,2024-06-25,12725
comuna 12,81,2024-07-31,36160
comuna 11,29,2024-06-23,20048
comuna 16,96,2024-06-23,15780
comuna 5,86,2024-06-23,22962
comuna 3,18,2024-06-23,266
comuna 14,74,2024-07-31,4180
comuna 2,78,2024-06-25,296
comuna 1,73,2024-06-25,12607
comuna 9,73,2024-01-30,8519
comuna 2,26,2024-01-30,42390
comuna 5,52,2024-07-31,31159
comuna 11,20,2024-07-31,45840
comuna 2,53,2024-06-23,10684
comuna 7,42,2024-06-25,7209
comuna 10,55,2024-07-31,21035
comuna 8,90,2024-01-30,32183
comuna 4,79,2024-01-30,34882
comuna 1,34,2024-01-30,13975
comuna 1,14,2024-01-30,13131
comuna 10,18,2024-07-31,39188
comuna 9,50,2024-07-31,9698
comuna 14,69,2024-01-30,30338
comuna 8,46,2024-07-31,36262
comuna 9,91,2024-01-30,42179
comuna 14,89,2024-06-23,16244
comuna 5,98,2024-01-30,23124
comuna 13,48,2024-06-23,13417
comuna 13,86,2024-06-25,31673
comuna 12,64,2024-06-25,10399
comuna 6,47,2024-06-23,46278
comuna 5,76,2024-01-30,7613
comuna 11,100,2024-06-23,27725
comuna 15,52,2024-06-23,41658
comuna 7,68,2024-07-31,23236
comuna 15,94,2024-01-30,34492
comuna 10,63,2024-01-30,15877
comuna 11,35,2024-07-31,15489
comuna 3,35,2024-01-30,22693
comuna 4,49,2024-06-25,1287
comuna 1,66,2024-06-25,11763
comuna 9,16,2024-07-31,22001
comuna 12,15,2024-01-30,20987
comuna 11,45,2024-06-25,3204
comuna 15,89,2024-01-30,3530
comuna 1,13,2024-06-23,23936
comuna 9,53,2024-01-30,16817
comuna 5,77,2024-01-30,15233
comuna 12,24,2024-07-31,32224
comuna 4,67,2024-01-30,19792
comuna 10,68,2024-06-23,47425
comuna 10,86,2024-07-31,40281
comuna 2,39,2024-06-23,32774
comuna 1,68,2024-01-30,35365
comuna 12,81,2024-01-30,21794
comuna 14,73,2024-07-31,33407
comuna 10,50,2024-06-25,36897
comuna 12,63,2024-01-30,25391
comuna 7,71,2024-01-30,16740
comuna 14,26,2024-06-23,1583
comuna 15,67,2024-07-31,48476
comuna 13,67,2024-07-31,25311
comuna 5,11,2024-06-25,24251
comuna 14,65,2024-06-25,49407
comuna 1,36,2024-07-31,23972
comuna 3,90,2024-06-23,29541
comuna 5,14,2024-01-30,8367
comuna 11,55,2024-06-23,25739
comuna 2,56,2024-07-31,11356
comuna 13,38,2024-01-30,33361
comuna 14,31,2024-06-23,20168
comuna 1,36,2024-06-25,19377
comuna 11,73,2024-07-31,16118
comuna 2,94,2024-01-30,43858
comuna 15,74,2024-07-31,12809
comuna 1,79,2024-06-25,28261
comuna 3,81,2024-06-23,18436
comuna 15,83,2024-06-25,15483
comuna 2,15,2024-06-23,16879
comuna 13,76,2024-06-25,35821
comuna 16,47,2024-01-30,34949
comuna 13,51,2024-06-23,31915
comuna 1,81,2024-06-25,8800
comuna 12,18,2024-06-25,21327
comuna 8,84,2024-01-30,11729
comuna 6,86,2024-07-31,20293
comuna 13,77,2024-06-25,49683
comuna 4,14,2024-07-31,33037
comuna 13,38,2024-01-30,6755
comuna 5,31,2024-01-30,20984
comuna 10,77,2024-07-31,31239
comuna 5,28,2024-06-23,31123
comuna 5,73,2024-01-30,8764
comuna 4,11,2024-07-31,48921
comuna 1,25,2024-01-30,43073
comuna 5,20,2024-07-31,27828
comuna 12,80,2024-06-23,28372
comuna 14,85,2024-06-25,3211
comuna 1,78,2024-01-30,15971
comuna 14,43,2024-06-23,39799
comuna 16,29,2024-07-31,8073
comuna 4,45,2024-01-30,16235
comuna 12,17,2024-06-25,10281
comuna 9,84,2024-07-31,7066
comuna 9,25,2024-06-25,34703
comuna 1,49,2024-06-25,9930
comuna 8,30,2024-07-31,36353
comuna 9,45,2024-01-30,17182
comuna 9,83,2024-06-25,39746
comuna 6,14,2024-06-23,34296
comuna 14,38,2024-01-30,48431
comuna 8,94,2024-07-31,33020
comuna 10,54,2024-06-25,34825
comuna 5,95,2024-07-31,35447
comuna 12,82,2024-06-23,24986
comuna 6,95,2024-06-23,23992
comuna 12,45,2024-07-31,37987
comuna 16,39,2024-07-31,21806
comuna 8,60,2024-01-30,2059
comuna 14,61,2024-06-23,2918
comuna 3,27,2024-06-25,11138
comuna 2,46,2024-01-30,17512
comuna 14,38,2024-06-23,48407
comuna 4,39,2024-01-30,9071
comuna 7,54,2024-01-30,14121
comuna 16,27,2024-06-23,8675
comuna 15,18,2024-06-23,24336
comuna 16,51,2024-06-25,47307
comuna 10,22,2024-06-23,31937
comuna 2,22,2024-06-23,26757
comuna 16,27,2024-06-25,26231
comuna 2,90,2024-06-25,7302
comuna 15,59,2024-01-30,6185
comuna 7,89,2024-06-25,36851
comuna 16,33,2024-07-31,4087
comuna 5,71,2024-01-30,47849
comuna 11,61,2024-06-25,7064
comuna 14,37,2024-06-25,36727
comuna 14,14,2024-01-30,17485
comuna 16,63,2024-07-31,20756
comuna 2,18,2024-01-30,26740
comuna 6,18,2024-01-30,36370
comuna 14,41,2024-06-23,6796
comuna 7,98,2024-07-31,47201
comuna 7,68,2024-07-31,14056
comuna 12,41,2024-01-30,45928
comuna 11,80,2024-01-30,21847
comuna 1,79,2024-01-30,41866
comuna 9,69,2024-06-25,8531
comuna 1,22,2024-06-25,8747
comuna 3,67,2024-06-25,2321
comuna 1,22,2024-07-31,5152
comuna 8,80,2024-07-31,17904
comuna 7,29,2024-07-31,41392
comuna 11,23,2024-06-23,1676
comuna 2,31,2024-07-31,18825
comuna 12,57,2024-06-23,1314
comuna 16,19,2024-07-31,5775
comuna 11,24,2024-07-31,20103
comuna 12,73,2024-07-31,13220
comuna 12,72,2024-06-25,2613
comuna 9,26,2024-06-25,18422
comuna 1,15,2024-06-23,19022
comuna 2,60,2024-07-31,28025
comuna 10,17,2024-06-23,39368
comuna 10,95,2024-07-31,45525
comuna 6,72,2024-07-31,22660
comuna 3,78,2024-07-31,25632
comuna 4,53,2024-06-23,25693
comuna 3,32,2024-01-30,44278
comuna 5,31,2024-06-25,7160
comuna 13,10,2024-01-30,29244
comuna 4,86,2024-01-30,21894
comuna 15,62,2024-01-30,9009
comuna 6,42,2024-07-31,27692
comuna 2,15,2024-07-31,46439
comuna 6,17,2024-01-30,32194
comuna 10,30,2024-06-25,12470
comuna 5,76,2024-01-30,21655
comuna 6,73,2024-07-31,22107
comuna 1,56,2024-07-31,38540
comuna 14,37,2024-06-25,41900
comuna 8,16,2024-06-23,30123
comuna 12,71,2024-01-30,37639
comuna 9,31,2024-01-30,40066
comuna 3,77,2024-07-31,34133
comuna 8,89,2024-06-25,48979
comuna 8,77,2024-01-30,27469
comuna 2,78,2024-06-23,18930
comuna 8,40,2024-07-31,37614
comuna 4,25,2024-06-23,15419
comuna 8,10,2024-06-23,32168
comuna 2,27,2024-01-30,1729
comuna 4,54,2024-06-23,28788
comuna 16,76,2024-07-31,19648
comuna 10,39,2024-07-31,24792
comuna 8,58,2024-06-25,37777
comuna 3,17,2024-07-31,17471
comuna 16,67,2024-07-31,10184
comuna 13,67,2024-01-30,27321
comuna 7,28,2024-01-30,30085
comuna 4,39,2024-06-23,8392
comuna 13,94,2024-06-25,10590
comuna 4,71,2024-06-25,39122
comuna 8,81,2024-07-31,15764
comuna 16,36,2024-01-30,20058
comuna 1,40,2024-01-30,12035
comuna 12,54,2024-01-30,28613
comuna 6,84,2024-06-25,12154
comuna 7,75,2024-06-25,28503
comuna 8,86,2024-06-25,37623
comuna 7,40,2024-01-30,16709
comuna 5,94,2024-06-25,18377
comuna 13,57,2024-06-23,28316
comuna 1,94,2024-01-30,12972
comuna 14,39,2024-01-30,32218
comuna 2,46,2024-07-31,45833
comuna 1,52,2024-06-25,14930
comuna 15,20,2024-01-30,46349
comuna 7,85,2024-06-25,28280
comuna 14,39,2024-06-25,47320
comuna 14,61,2024-01-30,29751
comuna 2,61,2024-06-25,47813
comuna 6,58,2024-06-25,40575
comuna 13,34,2024-01-30,36002
comuna 3,38,2024-07-31,29941
comuna 3,75,2024-01-30,38510
comuna 11,37,2024-06-25,45540
comuna 3,70,2024-06-25,30305
comuna 4,45,2024-01-30,48877
comuna 6,76,2024-07-31,31102
comuna 12,20,2024-06-23,22848
comuna 11,51,2024-06-23,25533
comuna 2,10,2024-06-23,33957
comuna 3,89,2024-01-30,23707
comuna 2,82,2024-07-31,27474
comuna 10,47,2024-07-31,9345
comuna 10,70,2024-01-30,4630
comuna 1,67,2024-06-23,14936
comuna 13,100,2024-06-23,33015
comuna 15,53,2024-06-25,17255
comuna 3,69,2024-07-31,27470
comuna 11,98,2024-07-31,37400
comuna 12,82,2024-06-23,10537
comuna 5,65,2024-06-23,41153
comuna 9,100,2024-01-30,19611
comuna 2,22,2024-01-30,21360
comuna 10,85,2024-07-31,43854
comuna 16,64,2024-01-30,24726
comuna 12,100,2024-01-30,4275
comuna 14,21,2024-06-23,3193
comuna 11,75,2024-01-30,46369
comuna 11,61,2024-06-23,6546
comuna 11,10,2024-07-31,43348
comuna 2,61,2024-01-30,33272
comuna 8,94,2024-01-30,14710
comuna 12,49,2024-06-23,6091
comuna 16,41,2024-06-25,24365
comuna 2,13,2024-06-25,29255
comuna 14,54,2024-06-23,2374
comuna 12,59,2024-06-23,16453
comuna 13,80,2024-07-31,17208
comuna 3,72,2024-01-30,6874
comuna 2,97,2024-06-25,15489
comuna 3,91,2024-07-31,44051
comuna 12,92,2024-06-25,23636
comuna 12,45,2024-01-30,28648
comuna 14,27,2024-07-31,17256
comuna 11,17,2024-01-30,43749
comuna 6,33,2024-06-23,27711
comuna 9,61,2024-01-30,48528
comuna 4,92,2024-06-23,49197
comuna 9,59,2024-07-31,5548
comuna 12,62,2024-07-31,864
comuna 2,100,2024-07-31,4108
comuna 3,57,2024-06-23,20602
comuna 11,87,2024-01-30,32329
comuna 16,23,2024-01-30,40574
comuna 2,60,2024-06-23,23606
comuna 3,79,2024-07-31,22654
comuna 6,45,2024-07-31,43333
comuna 1,28,2024-07-31,27611
comuna 9,47,2024-06-23,20861
comuna 11,78,2024-06-25,37586
comuna 13,10,2024-07-31,27146
comuna 8,54,2024-07-31,19282
comuna 16,86,2024-07-31,16638
comuna 1,60,2024-07-31,32288
comuna 8,71,2024-06-23,22059
comuna 12,14,2024-07-31,16083
comuna 14,38,2024-06-25,35767
comuna 1,21,2024-01-30,4807
comuna 15,84,2024-07-31,33354
comuna 11,82,2024-06-23,39484
comuna 5,82,2024-06-23,44146
comuna 2,51,2024-01-30,49986
comuna 16,22,2024-07-31,36600
comuna 12,43,2024-06-25,1893
comuna 7,16,2024-07-31,45891
comuna 12,70,2024-07-31,48019
comuna 9,83,2024-07-31,32955
comuna 13,45,2024-07-31,2341
comuna 15,100,2024-06-23,13437
comuna 4,53,2024-07-31,41994
comuna 8,46,2024-06-25,8575
comuna 15,13,2024-06-25,6148
comuna 6,99,2024-07-31,5436
comuna 3,85,2024-06-23,48593
comuna 8,21,2024-06-23,27887
comuna 3,97,2024-06-23,21186
comuna 14,44,2024-01-30,2512
comuna 9,44,2024-06-23,38099
comuna 11,95,2024-07-31,19269
comuna 10,45,2024-01-30,46630
comuna 14,42,2024-07-31,34481
comuna 6,45,2024-07-31,47495
comuna 6,82,2024-01-30,25208
comuna 13,31,2024-07-31,1513
comuna 11,75,2024-07-31,42855
comuna 9,56,2024-06-23,5377
comuna 8,87,2024-07-31,36511
comuna 7,36,2024-06-25,4275
comuna 16,53,2024-06-25,35881
comuna 15,84,2024-01-30,9529
comuna 11,63,2024-01-30,16973
comuna 10,98,2024-07-31,38953
comuna 8,74,2024-07-31,46996
comuna 11,98,2024-01-30,47022
comuna 13,69,2024-06-25,18208
comuna 6,27,2024-06-25,17585
comuna 2,65,2024-01-30,3558
comuna 13,69,2024-06-25,47153
comuna 3,45,2024-06-23,34659
comuna 12,42,2024-06-25,46453
comuna 1,76,2024-06-23,38953
comuna 9,54,2024-06-25,11423
comuna 10,35,2024-07-31,19500
comuna 14,31,2024-01-30,31599
comuna 1,40,2024-06-25,18688
comuna 7,67,2024-01-30,37869
comuna 4,45,2024-06-23,21728
comuna 9,22,2024-01-30,28536
comuna 5,66,2024-01-30,24774
comuna 3,82,2024-07-31,34119
comuna 2,81,2024-06-25,32217
comuna 6,39,2024-01-30,37228
comuna 5,48,2024-01-30,36822
comuna 8,24,2024-06-23,12615
comuna 4,11,2024-06-25,25617
comuna 11,66,2024-06-25,34462
comuna 5,51,2024-06-25,35255
comuna 12,36,2024-01-30,8073
comuna 2,91,2024-06-25,48657
comuna 10,17,2024-01-30,44213
comuna 9,31,2024-06-23,40036
comuna 7,74,2024-01-30,9682
comuna 2,67,2024-06-25,20372
comuna 15,35,2024-07-31,12059
comuna 4,62,2024-06-25,21994
comuna 14,17,2024-01-30,6926
comuna 2,91,2024-06-25,26757
comuna 9,85,2024-01-30,36528
comuna 14,67,2024-07-31,41120
comuna 3,89,2024-07-31,3444
comuna 9,68,2024-01-30,1900
comuna 8,97,2024-06-23,10200
comuna 3,36,2024-06-25,46779
comuna 16,60,2024-07-31,20991
comuna 11,50,2024-07-31,14646
comuna 6,32,2024-01-30,41025
comuna 5,32,2024-06-23,46548
comuna 13,95,2024-06-25,15790
comuna 15,28,2024-06-25,33806
comuna 16,13,2024-06-25,24257
comuna 7,48,2024-01-30,41729
comuna 2,25,2024-07-31,40142
comuna 10,92,2024-01-30,49431
comuna 9,95,2024-07-31,22044
comuna 9,97,2024-01-30,583
comuna 7,46,2024-07-31,47426
comuna 14,94,2024-01-30,2703
comuna 6,98,2024-01-30,21119
comuna 5,23,2024-07-31,30349
comuna 1,64,2024-07-31,43260
comuna 10,19,2024-06-25,25355
comuna 11,62,2024-06-23,11159
comuna 3,88,2024-01-30,5527
comuna 4,63,2024-01-30,14004
comuna 12,38,2024-06-23,2289
comuna 11,17,2024-06-23,21733
comuna 12,29,2024-06-25,34197
comuna 14,21,2024-01-30,732
comuna 1,82,2024-06-23,23297
comuna 12,29,2024-01-30,2424
comuna 15,19,2024-07-31,43847
comuna 7,98,2024-01-30,39370
comuna 14,81,2024-06-25,46362
comuna 8,32,2024-01-30,26639
comuna 5,21,2024-01-30,36541
comuna 5,13,2024-01-30,48963
comuna 10,73,2024-06-25,14045
comuna 16,72,2024-01-30,13352
comuna 6,63,2024-06-25,33031
comuna 14,79,2024-01-30,36897
comuna 16,59,2024-01-30,2817
comuna 5,39,2024-01-30,32693
comuna 9,17,2024-06-23,41740
comuna 14,22,2024-06-25,35991
comuna 6,92,2024-01-30,15759
comuna 5,15,2024-06-23,21557
comuna 7,57,2024-06-25,28641
comuna 10,87,2024-07-31,39501
comuna 8,48,2024-06-23,13673
comuna 7,43,2024-07-31,18742
comuna 6,78,2024-06-25,30730
comuna 2,74,2024-01-30,16131
comuna 9,51,2024-01-30,35609
comuna 1,53,2024-07-31,33565
comuna 16,71,2024-06-25,12106
comuna 5,27,2024-06-23,47289
comuna 5,18,2024-06-23,7123
comuna 14,24,2024-07-31,16456
comuna 13,18,2024-06-25,3442
comuna 16,19,2024-06-23,45291
comuna 6,93,2024-01-30,7589
comuna 8,99,2024-01-30,26273
comuna 11,40,2024-06-25,14227
comuna 2,79,2024-06-25,17115
comuna 12,27,2024-07-31,11969
comuna 15,35,2024-07-31,24987
comuna 14,29,2024-06-25,29110
comuna 12,37,2024-01-30,44623
comuna 2,49,2024-06-25,21612
comuna 5,92,2024-01-30,14775
comuna 11,55,2024-06-25,34752
comuna 7,78,2024-06-25,34756
comuna 14,18,2024-06-25,39429
comuna 1,54,2024-01-30,32317
comuna 16,66,2024-07-31,18650
comuna 2,21,2024-01-30,47068
comuna 14,87,2024-07-31,8518
comuna 14,11,2024-06-23,8860
comuna 16,27,2024-07-31,48423
comuna 15,77,2024-07-31,41645
comuna 4,85,2024-07-31,21107
comuna 9,80,2024-01-30,36299
comuna 15,87,2024-07-31,2515
comuna 8,69,2024-01-30,45107
comuna 9,66,2024-07-31,17164
comuna 4,48,2024-06-25,49840
comuna 9,98,2024-06-25,1667
comuna 6,86,2024-06-23,19138
comuna 8,34,2024-06-23,19904
comuna 16,94,2024-06-23,32946
comuna 13,29,2024-01-30,1066
comuna 4,39,2024-07-31,48853
comuna 11,67,2024-01-30,38538
comuna 5,63,2024-06-23,7238
comuna 7,10,2024-01-30,47254
comuna 1,98,2024-07-31,18815
comuna 15,31,2024-01-30,32470
comuna 3,41,2024-01-30,21650
comuna 12,70,2024-06-25,32281
comuna 1,79,2024-06-25,28861
comuna 15,33,2024-06-25,34675
comuna 5,38,2024-06-23,25335
comuna 3,83,2024-06-25,28014
comuna 13,21,2024-06-25,16049
comuna 4,39,2024-07-31,30706
comuna 10,17,2024-01-30,42575
comuna 4,93,2024-07-31,25016
comuna 13,82,2024-07-31,10116
comuna 13,13,2024-06-25,45198
comuna 7,27,2024-07-31,47533
comuna 6,32,2024-01-30,49164
comuna 5,31,2024-06-23,46282
comuna 6,23,2024-06-23,38294
comuna 5,45,2024-01-30,40390
comuna 2,15,2024-06-25,13582
comuna 2,27,2024-07-31,43885
comuna 1,34,2024-06-23,44269
comuna 3,64,2024-07-31,35554
comuna 11,22,2024-01-30,37401
comuna 13,56,2024-07-31,49959
comuna 2,54,2024-06-25,17786
comuna 13,64,2024-06-23,10413
comuna 16,26,2024-06-23,4137
comuna 4,31,2024-07-31,48199
comuna 9,100,2024-06-23,13407
comuna 12,89,2024-06-23,23607
comuna 4,72,2024-01-30,18593
comuna 7,45,2024-07-31,49470
comuna 2,34,2024-06-23,48109
comuna 11,74,2024-06-25,11295
comuna 4,95,2024-07-31,44305
comuna 7,83,2024-07-31,43262
comuna 15,98,2024-07-31,40440
comuna 14,34,2024-06-25,14063
comuna 3,50,2024-01-30,9358
comuna 7,56,2024-06-25,9960
comuna 6,37,2024-06-23,19332
comuna 4,22,2024-06-25,11614
comuna 2,91,2024-06-25,46027
comuna 10,60,2024-07-31,33261
comuna 9,29,2024-06-23,46550
comuna 12,67,2024-06-25,44556
comuna 10,88,2024-06-25,40880
comuna 8,12,2024-07-31,8885
comuna 12,72,2024-06-25,22888
comuna 3,14,2024-01-30,48673
comuna 14,32,2024-01-30,880
comuna 3,41,2024-01-30,13432
comuna 12,50,2024-01-30,41252
comuna 7,48,2024-07-31,18323
comuna 3,37,2024-07-31,18114
comuna 9,82,2024-01-30,39013
comuna 13,21,2024-06-25,16474
comuna 1,32,2024-07-31,37308
comuna 8,75,2024-06-23,12449
comuna 14,59,2024-06-25,17989
comuna 14,14,2024-07-31,43713
comuna 8,85,2024-01-30,45873
comuna 5,71,2024-06-25,27046
comuna 8,96,2024-07-31,36964
comuna 16,60,2024-06-25,19225
comuna 3,100,2024-06-23,38832
comuna 3,39,2024-07-31,6342
comuna 12,100,2024-07-31,42709
comuna 14,46,2024-06-25,11201
comuna 8,86,2024-01-30,27192
comuna 8,56,2024-07-31,2329
comuna 8,68,2024-07-31,26235
comuna 7,85,2024-01-30,49697
comuna 2,82,2024-06-23,7638
comuna 5,58,2024-06-23,43368
comuna 1,49,2024-07-31,14458
comuna 10,58,2024-01-30,7239
comuna 12,62,2024-07-31,16538
comuna 15,75,2024-06-23,25878
comuna 4,46,2024-07-31,44481
comuna 1,63,2024-01-30,21023
comuna 2,20,2024-01-30,7340
comuna 4,17,2024-01-30,20974
comuna 11,100,2024-01-30,25916
comuna 15,90,2024-06-25,9556
comuna 12,83,2024-01-30,22803
comuna 10,16,2024-06-25,30400
comuna 5,89,2024-01-30,38552
comuna 12,95,2024-06-25,40965
comuna 5,92,2024-07-31,33309
comuna 9,62,2024-06-23,44797
comuna 16,49,2024-06-23,47486
comuna 3,92,2024-06-23,3489
comuna 13,75,2024-01-30,27820
comuna 8,75,2024-06-25,25185
comuna 16,46,2024-06-23,26938
comuna 11,71,2024-06-23,18745
comuna 15,89,2024-01-30,34791
comuna 1,71,2024-06-25,42697
comuna 9,66,2024-06-23,12117
comuna 11,25,2024-01-30,40520
comuna 13,80,2024-06-25,49059
comuna 1,33,2024-06-25,47979
comuna 16,29,2024-07-31,6326
comuna 5,96,2024-06-23,34585
comuna 10,49,2024-01-30,32185
comuna 5,28,2024-06-23,3907
comuna 9,65,2024-06-25,19646
comuna 10,80,2024-06-23,40844
comuna 6,62,2024-06-23,44897
comuna 3,46,2024-01-30,39927
comuna 11,27,2024-06-23,8620
comuna 12,13,2024-07-31,16995
comuna 7,21,2024-01-30,42583
comuna 1,85,2024-01-30,31764
comuna 7,89,2024-01-30,13390
comuna 12,45,2024-06-25,24896
comuna 13,46,2024-01-30,26939
comuna 6,66,2024-06-23,35460
comuna 10,56,2024-01-30,8972
comuna 1,42,2024-06-25,41802
comuna 9,29,2024-07-31,32569
comuna 12,54,2024-06-25,3852
comuna 1,57,2024-07-31,36778
comuna 3,87,2024-06-23,10619
comuna 7,30,2024-01-30,16176
comuna 11,86,2024-01-30,633
comuna 16,25,2024-06-25,21934
comuna 5,68,2024-07-31,48765
comuna 8,81,2024-06-25,33230
comuna 10,21,2024-06-25,25247
comuna 5,17,2024-07-31,20116
comuna 13,48,2024-07-31,42578
comuna 14,70,2024-07-31,42004
comuna 1,62,2024-01-30,28297
comuna 8,52,2024-01-30,20950
comuna 10,62,2024-06-23,41784
comuna 3,87,2024-01-30,9667
comuna 11,70,2024-06-23,3766
comuna 1,57,2024-06-25,18600
comuna 6,59,2024-01-30,12121
comuna 14,85,2024-06-23,25944
comuna 14,43,2024-07-31,30371
comuna 3,100,2024-06-23,19727
comuna 11,65,2024-01-30,21344
comuna 11,74,2024-06-23,47879
comuna 1,29,2024-06-23,13609
comuna 7,56,2024-06-23,27587
comuna 10,58,2024-07-31,23803
comuna 16,94,2024-06-23,47428
comuna 16,91,2024-06-23,23276
comuna 14,62,2024-07-31,34204
comuna 14,43,2024-07-31,30658
comuna 10,62,2024-06-25,3133
comuna 16,55,2024-06-25,18310
comuna 3,55,2024-07-31,39173
comuna 12,61,2024-06-25,44101
comuna 13,92,2024-01-30,11065
comuna 8,11,2024-07-31,41534
comuna 14,26,2024-06-25,8520
comuna 14,18,2024-06-23,8572
comuna 8,22,2024-06-23,6352
comuna 9,22,2024-01-30,13510
comuna 13,13,2024-01-30,20538
comuna 2,39,2024-07-31,41487
comuna 16,95,2024-06-23,49883
comuna 7,80,2024-07-31,31922
comuna 5,59,2024-06-23,20910
comuna 9,76,2024-06-23,31303
comuna 12,22,2024-06-23,40271
comuna 3,82,2024-06-25,40270
comuna 16,95,2024-07-31,49983
comuna 5,31,2024-06-25,30821
comuna 4,45,2024-06-23,2261
comuna 9,12,2024-07-31,5430
comuna 15,80,2024-06-23,8580
comuna 11,63,2024-06-23,16727
comuna 4,36,2024-06-23,13346
comuna 3,50,2024-07-31,20963
comuna 12,75,2024-06-25,25721
comuna 8,62,2024-07-31,31313
comuna 10,57,2024-07-31,18605
comuna 7,52,2024-06-23,3390
comuna 14,79,2024-07-31,20879
comuna 6,42,2024-06-25,27554
comuna 7,38,2024-06-23,27684
comuna 7,38,2024-06-25,2278
comuna 8,22,2024-06-23,27855
comuna 3,50,2024-06-25,38186
comuna 10,62,2024-07-31,41639
comuna 2,93,2024-01-30,34971
comuna 9,18,2024-07-31,9051
comuna 5,97,2024-06-23,36765
comuna 16,92,2024-06-25,8852
comuna 6,19,2024-06-23,28209
comuna 5,48,2024-06-25,13392
comuna 9,38,2024-07-31,8017
comuna 9,33,2024-06-25,35855
comuna 11,50,2024-06-23,6502
comuna 13,43,2024-06-25,43030
comuna 9,66,2024-07-31,24757
comuna 2,51,2024-01-30,33455
comuna 12,26,2024-07-31,34019
comuna 16,57,2024-06-25,35302
comuna 10,32,2024-07-31,5151
comuna 7,98,2024-01-30,45139
comuna 7,29,2024-06-23,16629
comuna 16,82,2024-01-30,169
comuna 10,19,2024-01-30,10712
comuna 15,38,2024-06-25,9284
comuna 11,13,2024-01-30,30178
comuna 11,59,2024-06-23,7250
comuna 12,42,2024-06-23,32914
comuna 15,80,2024-06-25,45828
comuna 14,68,2024-07-31,49012
comuna 8,94,2024-06-25,44329
comuna 10,52,2024-06-23,29137
comuna 14,50,2024-01-30,26098
comuna 8,67,2024-07-31,44410
comuna 12,40,2024-06-23,7914
comuna 3,29,2024-07-31,40505
comuna 10,25,2024-06-25,46219
comuna 7,62,2024-06-25,9022
comuna 16,69,2024-07-31,15730
comuna 5,24,2024-06-25,2810
comuna 16,75,2024-06-25,45251
comuna 4,90,2024-06-23,44117
comuna 13,19,2024-06-25,31535
comuna 13,67,2024-06-25,31242
comuna 10,74,2024-01-30,44794
comuna 14,19,2024-06-23,7600
comuna 7,81,2024-06-25,46610
comuna 4,82,2024-06-23,1946
comuna 13,97,2024-06-25,35002
comuna 14,59,2024-01-30,9949
comuna 15,48,2024-06-25,36099
comuna 3,39,2024-06-23,22824
comuna 13,23,2024-01-30,22384
comuna 2,22,2024-07-31,21838
comuna 11,30,2024-06-23,5641
comuna 4,89,2024-06-23,5253
comuna 6,22,2024-06-23,21513
comuna 12,90,2024-01-30,46457
comuna 9,14,2024-07-31,16060
comuna 13,96,2024-01-30,35653
comuna 1,16,2024-01-30,3435
comuna 4,91,2024-01-30,25364
comuna 15,55,2024-07-31,2838
comuna 12,21,2024-07-31,13371
comuna 5,29,2024-07-31,36922
comuna 16,29,2024-06-25,24320
comuna 16,63,2024-07-31,27852
comuna 16,50,2024-06-25,42416
comuna 9,30,2024-06-25,16563
comuna 8,12,2024-06-23,14768
comuna 9,29,2024-06-23,33793
comuna 4,10,2024-07-31,20285
comuna 10,58,2024-07-31,10268
comuna 13,10,2024-06-25,33813
comuna 15,15,2024-01-30,32959
comuna 13,85,2024-07-31,40362
comuna 5,18,2024-06-25,42367
comuna 10,76,2024-06-25,45501
comuna 11,71,2024-07-31,8560
comuna 15,88,2024-07-31,3810
comuna 12,74,2024-01-30,34371
comuna 13,90,2024-06-25,21640
comuna 9,63,2024-01-30,22849
comuna 16,50,2024-06-23,10187
comuna 4,65,2024-06-23,31876
comuna 4,43,2024-06-25,1626
comuna 6,65,2024-07-31,48379
comuna 4,88,2024-01-30,5349
comuna 8,66,2024-01-30,44109
comuna 10,61,2024-06-25,5769
comuna 14,28,2024-06-25,36828
comuna 8,21,2024-06-23,32118
comuna 9,47,2024-07-31,223
comuna 3,52,2024-01-30,27095
comuna 11,85,2024-07-31,16329
comuna 2,70,2024-06-23,24064
comuna 6,94,2024-01-30,15698
comuna 8,97,2024-06-23,6821
comuna 10,58,2024-06-25,49059
comuna 10,72,2024-06-25,9231
comuna 12,54,2024-07-31,30146
comuna 15,25,2024-06-23,7242
comuna 12,51,2024-06-25,2083
comuna 10,46,2024-01-30,16406
comuna 9,45,2024-06-25,30352
comuna 2,93,2024-07-31,36253
comuna 8,18,2024-06-25,27019
comuna 5,17,2024-06-23,39699
comuna 3,23,2024-01-30,9679
comuna 4,76,2024-06-23,10036
comuna 2,54,2024-07-31,38580
comuna 15,24,2024-07-31,36471
comuna 1,64,2024-06-23,8550
comuna 12,13,2024-07-31,19814
comuna 13,51,2024-06-25,39681
comuna 16,93,2024-01-30,43816
comuna 2,91,2024-06-23,8072
comuna 13,71,2024-07-31,30937
comuna 5,65,2024-07-31,31824
comuna 2,66,2024-01-30,32911
comuna 15,49,2024-07-31,15220
comuna 3,76,2024-01-30,41639
comuna 12,89,2024-07-31,32303
comuna 5,93,2024-06-23,49014
comuna 7,41,2024-07-31,20911
comuna 10,16,2024-06-23,39739
comuna 2,60,2024-07-31,14983
comuna 1,30,2024-06-23,19754
comuna 7,66,2024-01-30,21233
comuna 6,61,2024-07-31,6339
comuna 9,27,2024-01-30,8641
comuna 10,84,2024-07-31,40438
comuna 8,28,2024-06-23,33235
comuna 15,89,2024-06-23,47888
comuna 16,82,2024-06-25,16530
comuna 14,50,2024-01-30,21469
comuna 6,79,2024-07-31,2832
comuna 11,75,2024-07-31,48430
comuna 8,43,2024-06-25,33647
comuna 8,89,2024-01-30,14749
comuna 6,67,2024-07-31,30290
comuna 4,49,2024-07-31,42975
comuna 16,71,2024-01-30,31516
comuna 4,97,2024-01-30,3264
comuna 5,18,2024-07-31,47607
comuna 6,15,2024-06-25,15157
comuna 14,97,2024-01-30,9677
comuna 14,25,2024-01-30,26335
comuna 11,46,2024-01-30,43949
comuna 11,42,2024-01-30,31830
comuna 15,17,2024-06-25,37688
comuna 6,95,2024-06-25,36845
comuna 15,66,2024-01-30,2657
comuna 4,61,2024-06-25,25993
comuna 6,99,2024-06-23,17242
comuna 8,38,2024-06-25,46008
comuna 13,20,2024-06-25,45358
comuna 8,72,2024-06-23,19647
comuna 13,68,2024-01-30,21172
comuna 7,45,2024-06-23,6230
comuna 13,20,2024-07-31,33511
comuna 7,54,2024-06-25,20683
comuna 5,44,2024-01-30,12451
comuna 4,47,2024-01-30,18797
comuna 10,63,2024-06-23,366
comuna 7,35,2024-06-23,27329
comuna 3,69,2024-07-31,19853
comuna 4,66,2024-06-25,37784
comuna 16,64,2024-07-31,7014
comuna 6,100,2024-07-31,7747
comuna 11,55,2024-06-25,13166
comuna 6,50,2024-06-23,12784
comuna 12,64,2024-07-31,18619
comuna 2,35,2024-06-25,33706
comuna 16,78,2024-06-23,19688
comuna 10,84,2024-06-25,15228
comuna 8,81,2024-01-30,36567
comuna 4,84,2024-07-31,6134
comuna 12,50,2024-01-30,18235
comuna 4,66,2024-07-31,1797
comuna 13,91,2024-06-25,18202
comuna 4,55,2024-01-30,15917
comuna 16,48,2024-07-31,18565
comuna 15,44,2024-07-31,16801
comuna 2,13,2024-06-23,37124
comuna 14,23,2024-07-31,22378
comuna 12,31,2024-07-31,18252
comuna 8,15,2024-06-25,881
comuna 6,55,2024-07-31,19845
comuna 3,24,2024-07-31,44010
comuna 11,70,2024-06-23,4024
comuna 1,17,2024-06-25,36275
comuna 10,13,2024-01-30,38497
comuna 12,27,2024-01-30,11445
comuna 8,24,2024-06-23,2115
comuna 15,23,2024-06-23,41047
comuna 10,63,2024-07-31,709
comuna 3,59,2024-01-30,430
comuna 12,42,2024-07-31,6503
comuna 2,54,2024-01-30,29510
comuna 10,55,2024-01-30,5260
comuna 1,54,2024-01-30,29771
comuna 2,27,2024-07-31,34580
comuna 3,92,2024-01-30,8582
comuna 3,84,2024-06-23,42190
comuna 13,40,2024-06-25,21707
comuna 16,55,2024-06-23,5894
comuna 11,77,2024-06-23,4195
comuna 16,94,2024-07-31,24652
comuna 5,57,2024-06-25,4076
comuna 13,40,2024-07-31,38156
comuna 14,58,2024-07-31,12266
comuna 3,18,2024-01-30,44136
comuna 16,70,2024-07-31,2288
comuna 10,17,2024-07-31,11754
comuna 9,53,2024-07-31,29196
comuna 4,57,2024-06-23,47746
comuna 5,11,2024-01-30,23134
comuna 9,48,2024-06-25,46712
comuna 1,86,2024-06-23,19802
comuna 8,18,2024-01-30,21747
comuna 14,19,2024-07-31,29290
comuna 16,88,2024-07-31,27482
comuna 8,86,2024-01-30,37540
comuna 6,88,2024-06-25,6609
comuna 16,41,2024-06-25,26903
comuna 13,75,2024-06-25,35324
comuna 15,73,2024-07-31,48230
comuna 2,92,2024-06-23,35970
comuna 3,13,2024-06-23,29705
comuna 11,56,2024-01-30,41016
comuna 6,74,2024-01-30,15639
comuna 4,38,2024-06-25,45790
comuna 2,63,2024-01-30,41117
comuna 4,49,2024-06-25,29819
comuna 7,47,2024-07-31,43980
comuna 2,67,2024-06-23,26328
comuna 13,44,2024-06-23,9521
comuna 12,23,2024-01-30,19877
comuna 3,21,2024-06-25,11608
comuna 11,27,2024-01-30,45945
comuna 7,20,2024-06-25,32136
comuna 12,42,2024-01-30,35213
comuna 13,10,2024-06-23,13256
comuna 14,74,2024-06-23,14529
comuna 10,31,2024-07-31,48463
comuna 5,42,2024-06-23,37546
comuna 4,18,2024-07-31,12703
comuna 15,47,2024-07-31,45038
comuna 12,12,2024-06-25,43308
comuna 14,26,2024-06-25,3671
comuna 13,86,2024-01-30,13308
comuna 4,17,2024-07-31,47397
comuna 3,77,2024-06-25,2748
comuna 6,93,2024-07-31,33156
comuna 15,55,2024-06-25,20496
comuna 15,27,2024-06-25,28496
comuna 9,16,2024-06-25,14950
comuna 5,14,2024-06-25,27143
comuna 7,18,2024-07-31,32760
comuna 8,85,2024-06-25,28190
comuna 8,72,2024-06-25,4223
comuna 6,88,2024-06-25,15181
comuna 9,81,2024-07-31,11858
comuna 3,47,2024-06-23,6418
comuna 7,71,2024-07-31,43211
comuna 6,89,2024-01-30,46683
comuna 12,39,2024-06-25,42003
comuna 5,52,2024-06-25,17652
comuna 11,50,2024-01-30,42557
comuna 11,85,2024-06-25,2232
comuna 1,45,2024-06-23,21466
comuna 4,61,2024-07-31,44418
comuna 15,19,2024-07-31,142
comuna 9,11,2024-01-30,35775
comuna 10,38,2024-07-31,13970
comuna 15,71,2024-07-31,7539
comuna 15,41,2024-06-25,21603
comuna 6,82,2024-06-23,43311
comuna 6,41,2024-06-23,36840
comuna 10,92,2024-01-30,21763
comuna 3,73,2024-01-30,2527
comuna 8,92,2024-07-31,33325
comuna 11,77,2024-06-23,4142
comuna 2,42,2024-07-31,1056
comuna 8,73,2024-01-30,43290
comuna 16,43,2024-07-31,18355
comuna 8,13,2024-06-23,43169
comuna 5,61,2024-06-25,5891
comuna 5,78,2024-01-30,27466
comuna 3,53,2024-06-25,43627
comuna 11,77,2024-06-23,35092
comuna 9,13,2024-06-23,37954
comuna 9,72,2024-07-31,10120
comuna 15,56,2024-06-23,21376
comuna 3,27,2024-06-23,6763
comuna 13,58,2024-06-25,10820
comuna 15,66,2024-06-25,9206
comuna 15,74,2024-01-30,1273
comuna 16,30,2024-07-31,479
comuna 15,65,2024-06-25,3807
comuna 9,45,2024-06-23,35157
comuna 4,96,2024-06-23,28710
comuna 7,92,2024-07-31,22916
comuna 14,34,2024-06-25,4997
comuna 13,60,2024-06-25,15842
comuna 16,71,2024-06-25,43408
comuna 16,71,2024-01-30,16120
comuna 7,21,2024-01-30,12455
comuna 1,56,2024-06-25,31081
comuna 4,80,2024-01-30,11143
comuna 14,84,2024-06-25,46051
comuna 7,48,2024-06-23,42328
comuna 12,40,2024-01-30,42144
comuna 4,48,2024-06-25,16525
comuna 7,66,2024-06-25,37088
comuna 10,19,2024-07-31,5139
comuna 11,83,2024-06-23,10760
comuna 1,15,2024-01-30,19679
comuna 1,71,2024-06-25,8900
comuna 12,29,2024-01-30,45
comuna 8,72,2024-01-30,39418
comuna 15,83,2024-07-31,8118
comuna 1,85,2024-06-23,40047
comuna 3,32,2024-06-25,31833
comuna 5,50,2024-06-25,36011
comuna 3,15,2024-06-23,13032
comuna 2,44,2024-06-25,31075
comuna 15,18,2024-01-30,3286
comuna 3,69,2024-07-31,5393
comuna 6,25,2024-06-25,40978
comuna 1,45,2024-01-30,26358
comuna 8,25,2024-01-30,22311
comuna 13,43,2024-01-30,8774
comuna 4,50,2024-06-25,44288
comuna 8,78,2024-06-23,8856
comuna 3,41,2024-01-30,41170
comuna 12,26,2024-06-25,47400
comuna 3,29,2024-06-23,34275
comuna 13,65,2024-06-23,46245
comuna 11,60,2024-07-31,17960
comuna 2,77,2024-06-23,44185
comuna 5,49,2024-06-23,7507
comuna 16,38,2024-06-25,15297
comuna 9,90,2024-07-31,43476
comuna 13,10,2024-06-23,40607
comuna 11,75,2024-07-31,45437
comuna 1,66,2024-01-30,20721
comuna 1,17,2024-06-25,26258
comuna 5,53,2024-06-25,14655
comuna 14,23,2024-07-31,9310
comuna 1,40,2024-07-31,46212
comuna 5,35,2024-06-23,14458
comuna 4,51,2024-07-31,26968
comuna 7,88,2024-06-25,39728
comuna 15,12,2024-01-30,46279
comuna 6,55,2024-01-30,29241
comuna 5,14,2024-06-23,13793
comuna 6,63,2024-07-31,36043
comuna 1,19,2024-01-30,38498
comuna 1,89,2024-06-25,44504
comuna 1,71,2024-06-23,19728
comuna 10,97,2024-01-30,13899
comuna 2,92,2024-01-30,29927
comuna 6,25,2024-06-23,25285
comuna 3,13,2024-06-23,18547
comuna 2,67,2024-07-31,12988
comuna 5,49,2024-06-23,22027
comuna 3,18,2024-07-31,38159
comuna 15,83,2024-06-23,44553
comuna 10,28,2024-06-23,41217
comuna 12,64,2024-06-23,28279
